[{"id":"TASK-14","content":"Ajustar z-index do botão de menu mobile e garantir data-theme no contêiner raiz","status":"completed","priority":"high"},{"id":"TASK-15","content":"Adicionar atributos de acessibilidade (ARIA) e estados focus-visible em botões e componentes interativos","status":"completed","priority":"high"},{"id":"TASK-16","content":"Implementar tooltips no heatmap e revisar interações","status":"completed","priority":"medium"},{"id":"TASK-17","content":"Adicionar temas vibrantes Neon Energy e Cyber Vivid (tipos, swatches, variáveis CSS)","status":"completed","priority":"high"},{"id":"TASK-18","content":"Executar build de produção para validar ajustes finais","status":"completed","priority":"medium"}]